tx,action_index,to,selector,data_len,date,block,method,status,err,type,where,who,permissionId
0xf5e3c173828c1b058cfe727343626631b4a68efb836976d35cf65149f598cabd,0,0x0c2e5679153593b82a84eab5ca90895bb291cec4,0xd68bad2c,202,2025-03-25 09:33:50,69477266,Create Proposal,,,grant,0x0c2e5679153593b82a84eab5ca90895bb291cec4,0x879d9dfe3f36d7684bec1a2bb4aa8e8871a7245b,0x815fe80e4b37c8582a3b773d1d7071f983eacfd56b5965db654f3087c25ada33
0xf5e3c173828c1b058cfe727343626631b4a68efb836976d35cf65149f598cabd,5,0x0c2e5679153593b82a84eab5ca90895bb291cec4,0xd96054c4,202,2025-03-25 09:33:50,69477266,Create Proposal,,,revoke,0xd9a660fad6fe13c5a88bcf3156f9e3200340152b,0xffffffffffffffffffffffffffffffffffffffff,0x8c433a4cd6b51969eca37f974940894297b9fcf4b282a213fea5cd8f85289c90
0xf5e3c173828c1b058cfe727343626631b4a68efb836976d35cf65149f598cabd,6,0x0c2e5679153593b82a84eab5ca90895bb291cec4,0xd68bad2c,202,2025-03-25 09:33:50,69477266,Create Proposal,,,grant,0xd9a660fad6fe13c5a88bcf3156f9e3200340152b,0x8cbf8cec3f1762e614e6ed4d569998aa19dafb8b,0x8c433a4cd6b51969eca37f974940894297b9fcf4b282a213fea5cd8f85289c90
0xf5e3c173828c1b058cfe727343626631b4a68efb836976d35cf65149f598cabd,7,0x0c2e5679153593b82a84eab5ca90895bb291cec4,0xd96054c4,202,2025-03-25 09:33:50,69477266,Create Proposal,,,revoke,0x0c2e5679153593b82a84eab5ca90895bb291cec4,0xd9a660fad6fe13c5a88bcf3156f9e3200340152b,0xbf04b4486c9663d805744005c3da000eda93de6e3308a4a7a812eb565327b78d
0xf5e3c173828c1b058cfe727343626631b4a68efb836976d35cf65149f598cabd,8,0x0c2e5679153593b82a84eab5ca90895bb291cec4,0xd96054c4,202,2025-03-25 09:33:50,69477266,Create Proposal,,,revoke,0x0c2e5679153593b82a84eab5ca90895bb291cec4,0x879d9dfe3f36d7684bec1a2bb4aa8e8871a7245b,0x815fe80e4b37c8582a3b773d1d7071f983eacfd56b5965db654f3087c25ada33
0xdcc200989b685bf61254ab2b6d9947de35ffe91c02cbf6fbd3aee9f44f3527df,0,0x0c2e5679153593b82a84eab5ca90895bb291cec4,0xd68bad2c,202,2025-04-11 10:21:34,70165665,Create Proposal,,,grant,0xb51bf5812fd8ff0c3f1a1ab1e8f24426d497d5cf,0x44531fc97b956a5a79bfc8cbfde77611671ed647,0xf281525e53675515a6ba7cc7bea8a81e649b3608423ee2d73be1752cea887889
0xfb401de8243a4640efc5eda0fef2257588b371063110ffd1834abcb5dcbd5047,0,0x0c2e5679153593b82a84eab5ca90895bb291cec4,0xd68bad2c,202,2026-04-13 08:58:33,85475338,Create Proposal,,,grant,0x0c2e5679153593b82a84eab5ca90895bb291cec4,0x879d9dfe3f36d7684bec1a2bb4aa8e8871a7245b,0x815fe80e4b37c8582a3b773d1d7071f983eacfd56b5965db654f3087c25ada33
0xfb401de8243a4640efc5eda0fef2257588b371063110ffd1834abcb5dcbd5047,2,0x0c2e5679153593b82a84eab5ca90895bb291cec4,0xd96054c4,202,2026-04-13 08:58:33,85475338,Create Proposal,,,revoke,0x0c2e5679153593b82a84eab5ca90895bb291cec4,0x879d9dfe3f36d7684bec1a2bb4aa8e8871a7245b,0x815fe80e4b37c8582a3b773d1d7071f983eacfd56b5965db654f3087c25ada33
0x3e17aeaba23959435c86ed65f56c7b8b8ef187110d25a6b72f01686ccba513b1,0,0x0c2e5679153593b82a84eab5ca90895bb291cec4,0xd68bad2c,202,2026-04-14 08:09:53,85517078,Create Proposal,,,grant,0x0c2e5679153593b82a84eab5ca90895bb291cec4,0x879d9dfe3f36d7684bec1a2bb4aa8e8871a7245b,0x815fe80e4b37c8582a3b773d1d7071f983eacfd56b5965db654f3087c25ada33
0x3e17aeaba23959435c86ed65f56c7b8b8ef187110d25a6b72f01686ccba513b1,2,0x0c2e5679153593b82a84eab5ca90895bb291cec4,0xd96054c4,202,2026-04-14 08:09:53,85517078,Create Proposal,,,revoke,0x0c2e5679153593b82a84eab5ca90895bb291cec4,0x879d9dfe3f36d7684bec1a2bb4aa8e8871a7245b,0x815fe80e4b37c8582a3b773d1d7071f983eacfd56b5965db654f3087c25ada33
0x6a344cd87b6796c7e88fcae8460302025ca6b9afa34a0ee1fc37b948d895c52b,0,0x0c2e5679153593b82a84eab5ca90895bb291cec4,0xd68bad2c,202,2026-04-15 06:16:04,85556860,Create Proposal,,,grant,0x0c2e5679153593b82a84eab5ca90895bb291cec4,0x879d9dfe3f36d7684bec1a2bb4aa8e8871a7245b,0x815fe80e4b37c8582a3b773d1d7071f983eacfd56b5965db654f3087c25ada33
0x6a344cd87b6796c7e88fcae8460302025ca6b9afa34a0ee1fc37b948d895c52b,2,0x0c2e5679153593b82a84eab5ca90895bb291cec4,0xd96054c4,202,2026-04-15 06:16:04,85556860,Create Proposal,,,revoke,0x0c2e5679153593b82a84eab5ca90895bb291cec4,0x879d9dfe3f36d7684bec1a2bb4aa8e8871a7245b,0x815fe80e4b37c8582a3b773d1d7071f983eacfd56b5965db654f3087c25ada33
0xc59119716619878d6edb4026075f4720217cc5394bfcbe7ceb3bd7a1b628ab10,0,0x0c2e5679153593b82a84eab5ca90895bb291cec4,0xd68bad2c,202,2026-04-15 07:02:26,85558251,Create Proposal,,,grant,0x0c2e5679153593b82a84eab5ca90895bb291cec4,0x879d9dfe3f36d7684bec1a2bb4aa8e8871a7245b,0x815fe80e4b37c8582a3b773d1d7071f983eacfd56b5965db654f3087c25ada33
0xc59119716619878d6edb4026075f4720217cc5394bfcbe7ceb3bd7a1b628ab10,2,0x0c2e5679153593b82a84eab5ca90895bb291cec4,0xd96054c4,202,2026-04-15 07:02:26,85558251,Create Proposal,,,revoke,0x0c2e5679153593b82a84eab5ca90895bb291cec4,0x879d9dfe3f36d7684bec1a2bb4aa8e8871a7245b,0x815fe80e4b37c8582a3b773d1d7071f983eacfd56b5965db654f3087c25ada33
0xb050ed5778a502b7705c1dd6f702e191b12eb247d277ed3eefa693fb0e63cff8,0,0x0c2e5679153593b82a84eab5ca90895bb291cec4,0xd68bad2c,202,2026-05-09 00:31:38,86598280,Create Proposal,,,grant,0x0c2e5679153593b82a84eab5ca90895bb291cec4,0x879d9dfe3f36d7684bec1a2bb4aa8e8871a7245b,0x815fe80e4b37c8582a3b773d1d7071f983eacfd56b5965db654f3087c25ada33
0xb050ed5778a502b7705c1dd6f702e191b12eb247d277ed3eefa693fb0e63cff8,2,0x0c2e5679153593b82a84eab5ca90895bb291cec4,0xd96054c4,202,2026-05-09 00:31:38,86598280,Create Proposal,,,revoke,0x0c2e5679153593b82a84eab5ca90895bb291cec4,0x879d9dfe3f36d7684bec1a2bb4aa8e8871a7245b,0x815fe80e4b37c8582a3b773d1d7071f983eacfd56b5965db654f3087c25ada33
0xc52b3b43d70227d446ca915677f5944cdf81002fbfb9fb62d289edfc94d32f70,0,0x0c2e5679153593b82a84eab5ca90895bb291cec4,0xd68bad2c,202,2026-05-09 00:38:09,86598503,Create Proposal,,,grant,0x0c2e5679153593b82a84eab5ca90895bb291cec4,0x879d9dfe3f36d7684bec1a2bb4aa8e8871a7245b,0x815fe80e4b37c8582a3b773d1d7071f983eacfd56b5965db654f3087c25ada33
0xc52b3b43d70227d446ca915677f5944cdf81002fbfb9fb62d289edfc94d32f70,2,0x0c2e5679153593b82a84eab5ca90895bb291cec4,0xd96054c4,202,2026-05-09 00:38:09,86598503,Create Proposal,,,revoke,0x0c2e5679153593b82a84eab5ca90895bb291cec4,0x879d9dfe3f36d7684bec1a2bb4aa8e8871a7245b,0x815fe80e4b37c8582a3b773d1d7071f983eacfd56b5965db654f3087c25ada33
0xdaafaf6d54f07b940a5e96240060de12fe1df866a9b923d847353010179c95ef,0,0x0c2e5679153593b82a84eab5ca90895bb291cec4,0xd68bad2c,202,2026-05-13 09:59:33,86815237,Create Proposal,,,grant,0x0c2e5679153593b82a84eab5ca90895bb291cec4,0x879d9dfe3f36d7684bec1a2bb4aa8e8871a7245b,0x815fe80e4b37c8582a3b773d1d7071f983eacfd56b5965db654f3087c25ada33
0xdaafaf6d54f07b940a5e96240060de12fe1df866a9b923d847353010179c95ef,2,0x0c2e5679153593b82a84eab5ca90895bb291cec4,0xd96054c4,202,2026-05-13 09:59:33,86815237,Create Proposal,,,revoke,0x0c2e5679153593b82a84eab5ca90895bb291cec4,0x879d9dfe3f36d7684bec1a2bb4aa8e8871a7245b,0x815fe80e4b37c8582a3b773d1d7071f983eacfd56b5965db654f3087c25ada33
0x5e6438e741b09b4ca854be045fae9864ffaf32d32759db12cbc71607e888dc57,0,0x0c2e5679153593b82a84eab5ca90895bb291cec4,0xd68bad2c,202,2026-05-26 07:01:44,87450969,Execute Proposal,,,grant,0x0c2e5679153593b82a84eab5ca90895bb291cec4,0x556fceb6d1ab85f7bf588843d93da960d6028093,0xf281525e53675515a6ba7cc7bea8a81e649b3608423ee2d73be1752cea887889
0x6a227c36f549f102466533fc42d54d8bd6f349bf7c699623763ebe0a7c9427ab,0,0x0c2e5679153593b82a84eab5ca90895bb291cec4,0xd68bad2c,202,2026-05-27 19:00:00,87524959,Execute Proposal,,,grant,0x0c2e5679153593b82a84eab5ca90895bb291cec4,0xb43cc57d4a67f3995211f0f5d630e34ba60123b8,0xf281525e53675515a6ba7cc7bea8a81e649b3608423ee2d73be1752cea887889
0x3ecaeb5f645a5d7edd80719621e3fb2315864debdc3cfa9a3abbf9a699532cd4,0,0x0c2e5679153593b82a84eab5ca90895bb291cec4,0xd68bad2c,202,2026-05-27 20:23:23,87527818,Execute Proposal,,,grant,0x0c2e5679153593b82a84eab5ca90895bb291cec4,0xb43cc57d4a67f3995211f0f5d630e34ba60123b8,0xf281525e53675515a6ba7cc7bea8a81e649b3608423ee2d73be1752cea887889
0x5f79d64a17068039b6c4d69842cee0b6584921b988d527463150ace192d28456,0,0x0c2e5679153593b82a84eab5ca90895bb291cec4,0xd68bad2c,202,2026-05-27 20:49:33,87528715,Execute Proposal,,,grant,0x0c2e5679153593b82a84eab5ca90895bb291cec4,0x43de58067f46217263a36848f948dc4d3cacc49f,0xf281525e53675515a6ba7cc7bea8a81e649b3608423ee2d73be1752cea887889
0x247e8c34c6100136eb786e3e46ab41ab7e35265bb0ed4ae17140498e142b1e29,0,0x0c2e5679153593b82a84eab5ca90895bb291cec4,0xd68bad2c,202,2026-05-27 21:06:43,87529304,Execute Proposal,,,grant,0x0c2e5679153593b82a84eab5ca90895bb291cec4,0x63066b0dd3a0e52212b934f7602056082c187e4b,0xf281525e53675515a6ba7cc7bea8a81e649b3608423ee2d73be1752cea887889
0xb64cce3adb987c08167c2ae9b89a663cdf33121c669029c3d6eeaceb1f21332f,0,0x0c2e5679153593b82a84eab5ca90895bb291cec4,0xd68bad2c,202,2026-05-28 09:28:59,87554753,Execute Proposal,,,grant,0x0c2e5679153593b82a84eab5ca90895bb291cec4,0xe4fd8127ad01c2691c8955cb240d2062d1731020,0xf281525e53675515a6ba7cc7bea8a81e649b3608423ee2d73be1752cea887889
0x2b55bc16f389d20f32c1a8b05fdc33fff7567e47a94fab93c05c146d61111da4,0,0x0c2e5679153593b82a84eab5ca90895bb291cec4,0xd68bad2c,202,2026-05-28 09:57:36,87555734,Execute Proposal,,,grant,0x0c2e5679153593b82a84eab5ca90895bb291cec4,0xab7cfc38f65b79a4c7bd92810c70e78eaf2670ac,0xf281525e53675515a6ba7cc7bea8a81e649b3608423ee2d73be1752cea887889
0xd86cb4af6b276729413dd3fd5e1005b1471144fe9e4f4257021855da8803944a,0,0x0c2e5679153593b82a84eab5ca90895bb291cec4,0xd68bad2c,202,2026-05-28 20:58:47,87578403,Execute Proposal,,,grant,0x0c2e5679153593b82a84eab5ca90895bb291cec4,0x232bd1c5fd0917df766eedb713ca47bba9e44bc5,0xf281525e53675515a6ba7cc7bea8a81e649b3608423ee2d73be1752cea887889
0x305a6052f1da280966fee8f646b19337d6cb2347c29870fbab17c5ed96e2fab0,0,0x0c2e5679153593b82a84eab5ca90895bb291cec4,0xd68bad2c,202,2026-05-28 21:39:49,87579810,Execute Proposal,,,grant,0x0c2e5679153593b82a84eab5ca90895bb291cec4,0x232bd1c5fd0917df766eedb713ca47bba9e44bc5,0xf281525e53675515a6ba7cc7bea8a81e649b3608423ee2d73be1752cea887889
0x06e55e806204a5de01332299a5dffc12c7c187bf99c9596acc8d220ac3e9b9df,0,0x0c2e5679153593b82a84eab5ca90895bb291cec4,0xd68bad2c,202,2026-05-28 22:07:12,87580749,Execute Proposal,,,grant,0x0c2e5679153593b82a84eab5ca90895bb291cec4,0x6cabeb549db04e82d79045f348b32418bd99b726,0xf281525e53675515a6ba7cc7bea8a81e649b3608423ee2d73be1752cea887889
0x8c236306b8ab7776c9655abf22efafff2bb650e1cb7ff764a841040142c1c2cb,0,0x0c2e5679153593b82a84eab5ca90895bb291cec4,0xd68bad2c,202,2026-05-28 22:18:54,87581150,Execute Proposal,,,grant,0x0c2e5679153593b82a84eab5ca90895bb291cec4,0x232bd1c5fd0917df766eedb713ca47bba9e44bc5,0xbf04b4486c9663d805744005c3da000eda93de6e3308a4a7a812eb565327b78d
0xbdd927cf81f327b72073dbcd98aeec25719a7592383c7e142d77fada08e74a06,0,0x0c2e5679153593b82a84eab5ca90895bb291cec4,0xd68bad2c,202,2026-05-28 22:19:13,87581161,Execute Proposal,,,grant,0x0c2e5679153593b82a84eab5ca90895bb291cec4,0x6cabeb549db04e82d79045f348b32418bd99b726,0xbf04b4486c9663d805744005c3da000eda93de6e3308a4a7a812eb565327b78d
0xe2f29e13efe76ff484b65adafecf2855f85361c3e900ea951a876cdcc6abf172,0,0x0c2e5679153593b82a84eab5ca90895bb291cec4,0xd68bad2c,202,2026-06-04 09:04:36,87905927,Execute Proposal,,,grant,0x0c2e5679153593b82a84eab5ca90895bb291cec4,0x52419b9977f50918eb98558f39bb40abafb4ed2a,0xbf04b4486c9663d805744005c3da000eda93de6e3308a4a7a812eb565327b78d
0xaf1edc59d602546196959dc10b2d1b09001ee977da27563477a328c30ed9b6f0,0,0x0c2e5679153593b82a84eab5ca90895bb291cec4,0xd68bad2c,202,2026-06-04 09:05:01,87905944,Execute Proposal,,,grant,0x0c2e5679153593b82a84eab5ca90895bb291cec4,0xcaf66c6f4f168625e732032b88e903b39cc8ecde,0xbf04b4486c9663d805744005c3da000eda93de6e3308a4a7a812eb565327b78d
0xb5d7ddd6e160c2ae8642cdcde5aaadfb0a35fd09afe04605e2e388267a3a1a30,0,0x0c2e5679153593b82a84eab5ca90895bb291cec4,0xd68bad2c,202,2026-06-05 23:58:13,87999272,Execute Proposal,,,grant,0x0c2e5679153593b82a84eab5ca90895bb291cec4,0x4d4bc3d4039b6a9fcd9a9d0c2cff655a52bb4516,0xbf04b4486c9663d805744005c3da000eda93de6e3308a4a7a812eb565327b78d
0x56ca00de9aa8746cda81041a7f57851b99505ca3b47ea706a9e1790898aa3d6b,0,0x0c2e5679153593b82a84eab5ca90895bb291cec4,0xd68bad2c,202,2026-06-05 23:58:34,87999286,Execute Proposal,,,grant,0x0c2e5679153593b82a84eab5ca90895bb291cec4,0x286292f67a6ac9a6ea1c894cf64f6dd8cdd76436,0xbf04b4486c9663d805744005c3da000eda93de6e3308a4a7a812eb565327b78d
0x10432f69242e952b73a5724b298829a27a6698d1569e459f66b852994779ace1,0,0x0c2e5679153593b82a84eab5ca90895bb291cec4,0xd68bad2c,202,2026-06-07 01:29:42,88060531,Execute Proposal,,,grant,0x0c2e5679153593b82a84eab5ca90895bb291cec4,0xefbb3f8f873282a5d6789e6ae11409b43fc18910,0xbf04b4486c9663d805744005c3da000eda93de6e3308a4a7a812eb565327b78d
0x13209a8a5f73486928eb983dceae4258aea127ba85dd40c31fd32ded8e1853c1,0,0x0c2e5679153593b82a84eab5ca90895bb291cec4,0xd68bad2c,202,2026-06-07 01:30:00,88060543,Execute Proposal,,,grant,0x0c2e5679153593b82a84eab5ca90895bb291cec4,0x84ac5be86e2102496949862f59aceb5d7dc3df77,0xbf04b4486c9663d805744005c3da000eda93de6e3308a4a7a812eb565327b78d
0xec6638a618299672fcb4d166086e8f58b223e9923797d2efd29dec2158c5e90f,0,0x0c2e5679153593b82a84eab5ca90895bb291cec4,0xd68bad2c,202,2026-06-07 02:28:06,88062867,Execute Proposal,,,grant,0x0c2e5679153593b82a84eab5ca90895bb291cec4,0x499b32e9e5a8b9865a9d69480d590252a56fa78f,0xbf04b4486c9663d805744005c3da000eda93de6e3308a4a7a812eb565327b78d
0x974cb10ead303aa901678d7b908b6a2ca65e054294630fcd5c95e45fa4e3bbf4,0,0x0c2e5679153593b82a84eab5ca90895bb291cec4,0xd68bad2c,202,2026-06-07 02:28:30,88062883,Execute Proposal,,,grant,0x0c2e5679153593b82a84eab5ca90895bb291cec4,0x0b018e45e4cb71e222c345a5341bdbaee519c623,0xbf04b4486c9663d805744005c3da000eda93de6e3308a4a7a812eb565327b78d
0x1e9bc8d427a417ad84b1d52fd08a3592fa682c9ebf51213096ea38e2a6e591fd,0,0x0c2e5679153593b82a84eab5ca90895bb291cec4,0xd68bad2c,202,2026-06-24 21:07:20,89086830,Execute Proposal,,,grant,0x0c2e5679153593b82a84eab5ca90895bb291cec4,0x8238105d31f6bb26897d8ab270a0a521fef03e8c,0xbf04b4486c9663d805744005c3da000eda93de6e3308a4a7a812eb565327b78d
0x2e34480efe13043df5318d77242b11c078a02dc0bba3a5aa7cfdf61f91fc45b0,0,0x0c2e5679153593b82a84eab5ca90895bb291cec4,0xd68bad2c,202,2026-06-24 21:07:49,89086849,Execute Proposal,,,grant,0x0c2e5679153593b82a84eab5ca90895bb291cec4,0x10f2798ef055950b897af4b3a8ae90de34f6c56c,0xbf04b4486c9663d805744005c3da000eda93de6e3308a4a7a812eb565327b78d
0x269092bdfd36723f7aad545ee04190b9f6e2978fc0c591c5c748facf9d8116d0,0,0x0c2e5679153593b82a84eab5ca90895bb291cec4,0xd96054c4,202,UNKNOWN,999999999,,,,revoke,0xb51bf5812fd8ff0c3f1a1ab1e8f24426d497d5cf,0x44531fc97b956a5a79bfc8cbfde77611671ed647,0xf281525e53675515a6ba7cc7bea8a81e649b3608423ee2d73be1752cea887889
0x726297bfc5ff79b3b8724b7d25b17cff45793a1bbdb347ff4e2f9b5a0af74ebf,0,0x0c2e5679153593b82a84eab5ca90895bb291cec4,0xd68bad2c,202,UNKNOWN,999999999,,,,grant,0x0c2e5679153593b82a84eab5ca90895bb291cec4,0x879d9dfe3f36d7684bec1a2bb4aa8e8871a7245b,0x815fe80e4b37c8582a3b773d1d7071f983eacfd56b5965db654f3087c25ada33
0x726297bfc5ff79b3b8724b7d25b17cff45793a1bbdb347ff4e2f9b5a0af74ebf,2,0x0c2e5679153593b82a84eab5ca90895bb291cec4,0xd96054c4,202,UNKNOWN,999999999,,,,revoke,0x0c2e5679153593b82a84eab5ca90895bb291cec4,0x879d9dfe3f36d7684bec1a2bb4aa8e8871a7245b,0x815fe80e4b37c8582a3b773d1d7071f983eacfd56b5965db654f3087c25ada33
